1,144,8+92
0,193,2+94
0,188,6+60
0,123,10+91
1,111,1+68
1,183,7+86
1,108,8+62
1,127,2+71
1,128,4+92
1,126,8+74
1,192,1+94
1,183,9+50
1,145,6+77
0,151,10+51
0,127,2+94
0,159,3+99
0,134,4+70
0,115,3+93
0,168,4+52
1,191,9+82
0,154,10+74
0,103,2+50
1,190,8+66
1,166,2+84
0,193,3+92
0,138,5+94
0,140,8+52
1,167,1+84
1,157,1+72
1,198,8+86
1,124,6+81
1,109,5+53
1,194,10+65
1,184,9+85
0,114,1+95
1,163,7+91
1,171,3+95
1,196,5+65
0,167,7+58
0,131,10+60
1,151,6+85
1,194,4+58
0,183,6+51
1,101,7+70
0,185,5+51
1,119,7+86
1,197,2+63
1,168,8+56
1,170,2+53
0,110,3+68
1,166,10+51
0,115,5+59
1,188,9+53
1,110,5+89
0,106,6+57
0,111,7+51
0,126,2+77
0,162,9+59
0,132,10+55
0,182,7+74
1,101,7+94
0,119,6+59
0,132,3+65
0,102,1+83
1,177,1+59
1,187,8+72
1,101,4+89
1,103,6+67
1,191,3+52
0,144,3+75
1,109,7+98
1,102,4+59
0,123,2+73
1,107,3+55
1,118,10+76
0,164,4+65
0,168,8+61
1,136,5+57
0,134,8+86
1,118,2+100
1,193,4+54
1,161,10+72
1,118,7+67
0,145,9+55
0,177,9+66
0,160,2+67
1,139,8+55
0,101,8+75
0,156,1+72
1,125,8+65
1,171,9+62
1,102,10+67
1,172,3+57
1,172,9+65
1,148,5+84
0,127,8+51
0,172,8+98
0,194,10+88
1,181,6+67
1,171,3+78
1,182,3+64
1,188,1+66
1,188,2+73
0,108,4+85
0,124,9+93
0,103,2+64
0,136,8+91
1,132,3+70
0,195,2+86
1,109,3+58
1,125,2+98
0,192,9+68
0,126,4+62
1,106,7+85
0,163,9+55
0,142,3+91
1,157,3+73
1,167,10+87
0,111,8+77
0,137,9+90
1,111,5+99
1,153,5+89
0,154,1+75
1,146,8+73
0,128,3+90
0,103,1+96
1,109,7+73
1,159,4+97
1,156,9+58
1,174,3+84
1,117,1+61
1,152,2+90
0,169,8+86
0,165,4+71
0,188,2+100
0,117,4+74
1,190,4+58
1,162,8+74
1,167,5+50
1,161,1+67
0,137,2+62
1,151,4+92
0,154,10+60
1,144,1+82
0,119,1+57
1,121,8+71
1,158,3+57
0,173,10+94
1,177,8+86
1,113,10+96
0,198,1+50
1,170,7+87
1,103,6+79
0,120,4+66
1,121,4+57
1,167,5+67
1,196,7+66
1,106,9+64
0,113,7+69
0,171,5+58
1,199,8+70
1,165,8+57
0,102,4+61
1,166,7+70
0,129,4+76
1,140,9+78
1,151,5+85
0,106,1+54
0,175,5+79
0,182,6+88
0,175,8+90
0,102,2+68
0,145,7+83
0,105,3+94
1,101,5+70
0,146,10+71
0,152,8+90
0,178,3+82
1,172,7+53
0,196,3+99
1,134,8+87
1,106,2+76
0,168,8+51
1,157,9+90
0,165,4+88
1,166,5+93
0,199,7+67
1,167,5+61
0,191,9+87
1,103,3+60
0,107,1+54
1,125,1+50
0,169,8+98
0,172,3+75
1,177,9+78
1,137,10+89
0,198,8+50
0,158,1+70
1,106,7+89
1,123,2+85
1,174,3+92
1,110,10+60
0,191,3+97
0,158,1+62
1,168,8+84
0,123,8+99
0,113,2+97
0,124,5+52
1,196,2+80
0,160,7+52
1,105,8+76
1,141,10+80
1,163,8+64
1,164,3+88
1,108,8+64
0,184,7+87
0,147,1+64
1,157,7+91
1,174,2+84
1,106,9+69
0,188,1+50
1,154,8+67
0,181,6+98
0,120,2+53
0,197,9+73
1,170,1+55
1,177,6+69
1,120,1+78
1,175,4+76
1,145,1+75
1,146,4+51
0,110,10+72
0,151,2+88
0,111,8+75
0,187,2+94
0,180,3+93
1,117,10+72
0,155,1+97
1,196,2+99
0,152,4+87
0,132,9+88
0,149,8+65
1,118,6+81
1,124,6+94
1,158,10+98
0,111,3+95
1,164,5+68
1,200,6+56
0,196,6+95
1,178,5+54
0,197,6+60
0,144,5+50
1,118,7+89
1,181,10+85
0,137,2+56
0,122,10+51
1,112,2+62
0,162,1+66
1,115,7+98
0,134,1+60
0,174,7+55
1,190,7+73
1,121,9+68
1,141,9+67
0,103,9+59
1,122,6+91
0,111,3+61
0,196,1+55
0,158,8+67
0,105,10+66
0,145,8+93
0,107,2+90
0,118,8+88
0,107,7+56
1,109,6+68
0,159,3+72
1,169,3+75
1,160,9+88
1,141,3+91
0,172,10+83
1,129,3+70
0,162,2+79
0,169,1+59
1,172,8+69
1,175,7+74
0,116,2+78
1,126,6+53
1,192,1+53
0,123,8+65
1,106,10+82
1,200,5+75
1,149,5+87
1,126,1+58
1,111,3+97
1,162,10+95
1,159,6+88
0,123,4+79
0,176,7+81
0,120,2+64
1,162,3+63
0,107,4+60
0,109,10+57
1,104,4+99
1,181,5+84
0,186,6+82
1,133,5+80
1,162,7+73
0,112,6+95
0,184,1+52
1,135,7+59
0,150,6+68
1,134,3+71
0,186,1+59
0,120,10+72
1,156,8+64
1,162,9+61
1,190,3+78
0,199,9+57
0,166,2+93
0,122,5+96
1,145,10+99
0,158,2+79
1,122,10+68
1,182,3+66
1,197,10+57
0,154,1+89
1,166,6+75
0,158,6+61
0,137,8+80
0,138,7+50
1,102,2+91
0,179,3+50
0,115,8+75
0,100,4+86
0,106,10+82
0,129,6+66
0,167,2+73
0,149,2+73
0,104,5+59
1,178,3+59
0,184,1+72
1,191,2+88
0,126,5+63
0,117,10+61
0,126,7+69
0,176,3+91
1,187,1+67
1,159,5+57
1,174,8+67
1,123,9+53
0,188,8+58
0,146,6+83
1,167,6+77
0,132,1+84
0,125,4+92
0,193,4+72
0,141,4+81
0,133,9+97
1,129,10+72
0,103,6+85
1,127,10+75
0,162,1+90
1,197,10+80
0,190,10+82
0,116,9+57
0,111,4+92
0,148,1+86
1,126,5+57
1,160,3+59
1,191,5+88
0,105,3+59
0,157,3+80
1,153,7+99
0,145,8+73
0,200,9+61
1,100,10+75
1,109,7+60
1,188,2+59
1,167,3+95
0,147,2+66
1,159,6+53
0,171,2+95
0,156,10+57
1,172,9+75
1,178,6+73
1,136,5+78
0,176,3+95
0,158,9+95
1,112,7+89
0,113,1+98
1,179,2+57
0,111,3+86
0,192,5+53
0,143,5+51
0,100,8+98
1,156,4+58
0,129,5+69
0,109,4+58
0,129,8+65
0,108,6+86
1,188,4+52
0,192,3+99
1,187,4+76
0,179,3+53
1,158,2+99
1,160,4+54
0,169,7+64
1,143,3+86
0,146,8+74
1,120,3+68
1,199,9+59
1,173,10+99
1,166,8+97
0,197,10+57
1,162,1+88
1,141,10+100
1,138,9+100
1,107,6+59
1,154,4+65
1,188,7+71
0,183,4+78
0,144,2+77
1,146,6+89
1,136,2+64
1,104,10+96
1,161,2+86
1,171,8+77
0,104,1+81
1,190,1+71
1,196,6+97
1,184,3+71
0,151,7+69
0,152,8+62
0,168,5+73
1,115,8+74
1,177,8+61
0,140,8+61
1,197,3+71
1,129,9+91
0,122,2+60
0,159,1+87
0,116,9+56
1,155,3+79
0,153,6+80
1,170,1+64
0,179,6+72
0,138,2+98
1,149,10+68
0,150,8+77
0,135,8+53
1,145,8+98
0,151,8+51
0,167,5+99
0,104,3+54
0,137,3+72
1,149,9+91
0,180,10+100
0,121,8+100
1,116,1+50
0,179,10+74
0,187,2+89
1,194,3+94
0,108,5+81
1,161,1+73
0,118,7+83
1,120,5+76
1,180,9+75
1,193,1+58
1,109,7+65
1,116,3+66
0,131,2+57
1,175,7+58
0,178,10+64
1,188,9+65
0,103,3+70
0,110,3+68
0,157,8+53
1,127,9+53
0,194,7+92
0,195,2+80
0,110,10+64
1,164,7+76
0,175,10+97
0,160,3+76
0,200,4+55
0,110,4+79
0,155,5+92
0,124,1+65
1,128,4+99
1,121,6+95
1,197,1+92
0,142,4+82
1,178,2+62
0,110,5+94
1,190,3+64
0,166,3+84
1,198,5+85
0,127,1+58
0,168,9+88
1,162,7+69
1,147,1+71
0,199,7+66
0,168,8+60
1,107,1+88
1,144,8+70
1,174,3+53
1,128,5+96
1,133,2+69
1,126,7+66
1,177,4+64
0,131,5+90
0,162,4+89
0,118,3+66
0,148,10+55
1,143,2+100
1,102,4+64
1,162,9+76
0,189,10+72
0,139,9+89
1,101,5+67
0,129,3+97
1,101,3+65
1,195,5+83
0,178,6+73
0,198,5+99
1,171,9+80
1,191,8+77
0,169,8+98
0,166,1+77
0,131,1+62
1,153,4+76
0,154,8+61
0,154,10+92
0,158,1+95
1,174,1+85
1,192,1+56
0,140,2+88
1,107,10+51
0,149,2+84
0,155,10+61
1,148,2+66
1,128,8+82
0,163,9+60
0,141,1+84
1,177,3+53
1,110,8+77
1,147,2+94
1,196,5+63
0,198,4+91
1,162,9+71
0,131,4+65
0,165,10+58
0,179,6+60
0,136,8+52
0,176,3+88
0,169,7+83
1,156,4+65
0,140,7+92
0,170,5+87
0,161,2+67
1,194,6+96
1,115,7+62
1,160,10+56
1,173,8+92
1,109,7+75
1,156,4+80
0,151,1+55
1,175,10+99
1,123,1+54
0,192,1+82
0,146,3+81
1,174,7+90
0,169,8+53
0,161,9+91
1,186,3+99
0,117,2+92
0,190,8+86
1,136,7+89
1,132,7+92
0,108,1+96
0,182,7+92
1,158,10+69
0,169,10+96
0,129,5+88
1,169,6+53
1,191,6+58
1,183,1+61
1,142,8+93
0,147,1+92
0,148,4+72
0,175,1+95
1,164,8+86
0,185,8+80
0,158,6+97
1,142,6+86
0,120,6+53
1,167,10+69
1,193,10+96
0,166,5+96
0,195,8+73
1,186,2+86
0,144,9+75
1,110,9+97
0,182,9+77
0,126,5+74
0,198,10+77
0,133,1+80
1,112,3+90
1,139,10+72
1,146,4+67
0,140,5+55
0,151,8+63
0,101,10+84
0,106,9+77
1,152,4+88
0,116,9+68
0,111,4+66
1,145,10+77
1,129,3+63
1,155,9+50
1,143,3+85
0,161,4+86
1,174,5+94
0,126,4+98
1,156,7+80
0,149,3+61
1,104,1+59
0,162,2+51
1,129,3+94
0,134,7+68
1,101,1+94
1,145,10+86
0,174,4+64
0,136,2+64
0,116,3+93
0,148,10+86
0,147,7+60
1,135,2+82
1,187,8+77
1,165,10+92
0,168,4+55
1,101,6+60
0,174,9+79
0,146,6+52
0,200,2+61
1,158,9+75
1,124,3+50
1,150,10+52
0,130,1+82
1,156,3+55
0,122,8+62
1,187,7+89
1,134,1+100
1,172,6+91
1,130,2+77
1,177,5+58
0,146,4+93
1,135,8+55
1,175,7+55
1,200,1+52
1,129,1+98
0,179,4+71
0,172,3+94
0,161,7+51
1,126,3+59
1,196,10+64
0,192,7+96
0,188,2+67
1,144,1+96
1,196,2+50
1,178,2+100
1,142,1+75
1,162,1+54
0,105,9+60
1,170,4+85
1,103,9+95
0,127,7+67
1,187,2+98
1,100,1+99
1,175,10+98
1,166,8+98
0,142,8+61
0,154,5+65
1,111,10+95
1,192,6+54
0,133,4+87
1,199,10+90
1,116,8+75
1,118,4+84
1,117,5+86
1,188,6+77
0,164,3+71
0,188,7+67
1,122,8+72
1,103,9+70
0,158,3+71
0,168,1+59
0,146,9+95
1,111,1+81
0,189,1+95
1,123,9+53
1,168,4+81
0,136,3+52
0,120,6+78
0,179,2+82
0,136,5+69
1,143,4+85
1,147,10+52
1,177,3+99
0,123,8+72
0,116,10+86
0,155,3+89
0,199,7+97
0,144,5+51
1,194,5+54
1,147,4+82
0,193,10+88
1,116,3+75
1,166,7+80
1,109,4+58
1,154,1+76
1,174,1+65
0,118,3+51
1,125,4+56
1,119,10+61
1,104,1+89
1,133,6+83
1,169,6+53
1,170,4+94
1,180,1+87
0,137,10+87
1,195,2+97
1,136,2+98
0,117,2+100
0,189,4+93
0,199,5+96
0,147,6+75
1,138,3+64
0,105,1+73
1,144,1+66
1,200,3+51
0,188,8+97
1,149,1+88
1,116,7+96
0,191,5+87
1,198,8+50
0,110,10+77
1,129,5+83
0,103,7+63
0,113,9+76
0,126,6+61
0,101,4+84
1,117,2+90
1,191,4+72
0,140,8+98
1,140,4+70
1,118,1+74
1,103,4+81
0,132,2+59
1,119,8+95
0,115,4+80
0,141,7+99
1,158,3+94
1,141,3+82
1,158,3+87
0,186,2+56
1,126,4+58
0,153,1+52
1,105,10+94
0,192,10+69
1,125,9+72
1,184,5+51
0,193,9+53
1,176,4+98
0,156,8+52
0,126,2+89
0,103,1+76
0,163,2+86
1,102,2+85
1,101,9+85
0,132,6+89
0,179,1+93
1,108,8+73
0,162,3+77
0,147,3+60
0,100,3+86
0,183,3+69
0,120,6+95
0,140,2+66
1,106,10+90
1,142,3+91
1,171,2+100
0,174,3+73
1,173,6+69
1,183,4+95
1,183,4+99
1,137,8+87
0,109,3+64
1,145,4+55
1,175,4+99
1,176,6+70
0,147,8+53
1,134,6+79
1,114,8+63
1,152,3+75
0,152,8+82
0,163,8+79
1,117,7+65
1,137,6+86
0,196,2+91
0,160,5+88
1,165,8+68
1,137,6+96
1,129,4+61
1,187,2+81
1,135,4+93
1,189,4+84
0,120,6+71
1,136,10+73
0,114,8+53
0,154,3+67
1,181,7+71
1,162,3+54
1,129,4+62
1,140,4+59
1,147,9+96
0,166,10+80
1,192,2+74
1,186,3+57
1,186,8+91
0,105,4+98
0,100,10+61
0,190,6+66
1,128,7+99
1,189,7+88
0,105,8+100
1,154,7+74
1,142,1+76
0,186,6+63
1,142,1+50
1,176,1+96
1,130,3+71
1,150,2+50
0,131,4+67
1,164,4+93
0,155,9+73
1,116,4+88
0,106,2+99
1,134,10+99
1,135,9+99
0,181,7+81
1,186,7+74
1,164,7+59
0,180,6+64
0,130,2+87
0,120,4+96
1,102,3+61
0,164,6+80
0,102,8+64
1,185,9+62
0,195,10+77
0,154,4+64
0,140,7+70
1,194,6+60
1,120,9+58
0,180,4+64
0,107,4+69
1,191,5+66
0,132,2+66
1,134,1+50
0,149,5+51
0,113,4+83
0,180,8+58
1,121,8+57
1,144,9+92
1,176,9+60
0,169,4+65
1,132,3+58
0,115,1+80
1,115,4+92
0,198,2+95
1,179,5+71
0,179,10+56
0,188,1+88
0,168,4+86
0,194,10+68
1,131,1+65
1,161,6+85
1,144,8+83
1,107,7+71
0,179,3+55
1,158,4+51
1,187,10+92
0,121,3+87
0,181,7+61
0,107,4+74
1,162,8+89
0,173,3+69
1,190,6+89
0,173,3+97
0,113,5+82
1,158,6+50
0,112,10+84
1,141,10+69
1,161,6+79
1,143,6+99
1,167,10+95
1,160,2+87
1,196,2+99
0,156,3+74
1,151,3+73
0,116,1+65
1,100,8+59
0,127,3+57
0,176,10+75
1,107,2+55
1,132,5+83
1,162,2+81
0,176,2+72
1,141,6+73
0,145,7+93
0,185,4+98
0,148,7+76
1,122,9+50
0,168,4+51
1,177,10+90
0,134,7+81
1,151,1+66
0,185,9+97
0,184,3+70
1,198,6+77
1,184,7+88
1,195,7+83
1,141,6+97
1,120,10+68
0,192,5+87
1,179,8+89
0,162,8+85
0,168,4+89
1,124,3+86
0,149,6+81
1,176,10+72
1,104,9+53
1,119,4+97
1,129,5+86
0,109,1+83
1,116,8+81
1,109,6+83
0,131,10+51
0,192,2+72
1,117,6+72
0,192,1+97
1,146,4+68
0,117,10+85
1,106,1+66
0,146,2+94
1,132,1+98
0,162,5+56
0,152,1+78
0,167,10+50
0,114,6+84
1,189,7+54
1,127,6+57
1,183,5+94
0,104,1+73
1,184,3+60
0,184,10+80
1,122,4+75
1,190,8+67
0,142,10+58
0,136,10+97
1,111,9+70
0,136,9+95
1,145,1+74
0,147,6+53
0,151,2+58
1,165,10+98
0,151,3+72
0,152,6+74
0,152,4+95
0,161,9+77
0,110,2+73
0,195,7+72
1,115,10+99
1,194,4+93
1,181,6+83
0,155,3+88
1,161,3+91
0,109,10+53
1,122,1+70
0,200,6+84
0,100,1+54
0,147,2+60
1,184,4+69
1,119,2+50
1,171,3+51
0,192,8+91
0,124,8+83
1,177,2+87
1,191,10+83
0,153,6+96
0,100,10+80
0,100,10+54
0,192,10+59
1,141,5+67
0,198,9+76
0,156,2+55
0,196,5+65
0,112,3+60
1,154,8+68
0,148,5+75
0,188,3+56
0,180,9+71
0,167,5+62
1,147,9+74
0,187,6+63
1,128,7+70
1,151,2+86
1,133,3+65
0,123,8+73
0,196,6+100
0,164,3+82
0,127,7+71
0,100,6+86
1,165,7+60
1,189,8+97
1,146,10+66
0,118,8+85
1,156,4+97
1,181,8+97
1,184,6+88
0,115,3+73
0,184,1+89
1,149,5+77
1,154,2+75
1,144,2+84
0,167,7+51
0,193,2+51
0,192,5+82
1,114,6+89
0,126,3+100
0,199,9+86
1,158,10+88
1,132,8+62
0,115,4+52
1,115,7+72
1,200,2+61
1,131,6+62
1,115,8+58
1,146,4+54
1,132,10+61
0,195,3+60
0,153,4+55
0,194,7+100
1,133,5+59
1,168,5+97
1,161,10+80
0,112,9+60
0,114,9+82
0,115,5+53
0,118,9+67
0,120,3+84
1,133,2+99
0,117,3+62
1,141,10+70
0,180,6+53
1,193,9+56
0,155,2+100
1,185,10+83
1,143,9+88
1,144,4+71
0,154,10+84
0,184,2+75
1,178,7+81
0,113,4+74
1,193,8+91
1,126,9+77
0,152,10+73
0,135,8+91
0,145,5+78
0,161,2+89
1,167,4+82
1,143,9+91
1,120,9+64
0,116,3+50
1,107,3+67
1,101,3+65
1,171,9+74
0,145,5+86
1,107,9+70
1,106,7+95
0,144,5+61
1,192,4+93
1,110,8+97
1,195,6+81
0,191,4+96
1,109,6+78
1,104,7+82
1,163,9+73
1,134,9+79
0,113,3+73
0,141,6+53
0,193,8+82
0,129,1+56
1,185,8+73
1,200,3+85
0,178,1+56
0,180,10+84
0,101,2+86
0,173,3+93
1,196,5+66
1,142,10+50
0,155,4+58
1,137,8+55
0,185,5+56
1,200,7+72
1,158,1+70
1,165,5+79
1,199,9+87
1,103,10+70
0,135,2+56
1,141,2+98
1,155,9+67
0,145,4+51
0,150,5+100
0,181,8+58
0,172,5+55
0,141,5+80
1,100,4+87
0,181,8+73
1,135,2+50
1,124,4+81
0,152,7+64
0,152,1+60
1,170,1+50
1,154,2+88
1,115,7+53
1,112,7+97
0,199,4+80
0,109,1+51
1,144,8+77
0,123,8+63
0,183,6+98
1,143,4+100
1,100,4+99
1,198,1+91
0,101,10+60
0,149,8+58
1,156,9+81
1,157,3+78
0,197,1+59
1,149,6+70
1,119,2+73
1,134,6+58
0,104,1+60
1,172,6+60
1,169,6+83
1,103,1+70
1,194,4+73
1,102,8+56
1,154,4+61
0,115,10+95
1,108,9+82
1,182,4+76
0,167,3+90
1,180,6+95
0,154,1+50
1,180,7+91
0,133,6+56
0,144,1+55
0,184,1+72
1,113,7+89
0,189,1+100
1,115,7+82
0,183,8+83
1,181,3+69
1,192,3+51
1,111,6+84
1,169,1+58
0,130,6+64
1,174,6+93
0,164,3+90
1,116,6+69
1,182,5+94
1,117,7+62
0,179,6+67
1,192,6+89
0,147,1+95
1,158,1+96
1,188,10+65
1,130,7+80
0,103,3+81
0,166,8+99
1,138,5+69
0,150,7+55
0,125,7+76
1,114,2+82
0,197,3+72
1,180,9+76
0,105,1+69
1,162,6+74
1,100,6+90
1,120,7+80
1,169,7+94
0,145,6+85
0,196,6+95
1,105,6+97
0,170,5+65
0,133,4+66
1,112,7+66
0,138,2+82
0,130,3+85
0,116,2+66
1,191,5+61
1,175,7+97
1,103,8+51
0,188,6+85
1,151,2+76
1,195,4+82
0,148,10+51
0,166,7+89
0,192,5+87
0,123,7+85
0,145,7+51
1,162,2+73
1,140,1+73
0,176,8+84
0,101,6+70
0,132,2+51
0,188,7+53
1,113,8+57
0,100,3+64
0,193,2+81
0,140,1+65
1,167,3+89
1,137,1+89
1,112,7+71
0,139,7+99
0,111,3+79
0,174,7+61
1,134,2+65
0,113,7+98
1,181,9+54
1,110,1+82
0,188,1+69
1,148,6+75
0,111,1+78
0,193,6+54
1,108,7+78
1,145,10+97
1,199,4+52
1,200,3+71
0,132,9+56
1,194,3+58
1,134,8+57
1,182,8+55
1,148,2+72
0,166,7+70
1,199,2+57
0,179,10+57
1,167,4+74
0,163,8+81
1,184,2+87
0,136,1+64
1,114,4+73
1,119,5+54
0,181,6+79
1,197,6+93
0,113,4+50
0,196,6+83
1,172,10+55
1,138,1+69
1,110,9+61
1,118,4+64
1,142,5+51
1,102,8+86
1,104,9+63
0,131,3+64
0,127,7+50
1,170,2+62
0,164,6+78
0,101,3+100
1,106,1+91
0,116,6+91
1,139,9+84
0,165,3+74
0,131,10+53
1,165,8+77
1,155,6+64
1,173,8+65
0,118,9+84
1,154,5+91
1,124,1+58
0,165,5+82
0,133,6+80
0,148,9+85
1,125,1+76
0,136,5+52
1,185,8+74
0,110,3+69
1,148,7+89
1,134,5+73
1,191,10+98
1,186,10+50
1,103,9+77
0,166,3+92
0,131,4+79
0,157,9+78
1,120,3+67
1,170,9+85
0,188,9+51
1,109,2+74
0,192,6+68
0,138,4+92
1,129,5+56
1,171,2+80
0,189,2+57
0,117,8+87
1,200,10+54
0,116,7+81
1,186,7+55
1,156,7+70
0,141,5+93
0,159,10+69
1,183,1+78
1,136,4+86
1,152,3+76
1,142,4+94
0,155,9+58
1,176,10+76
1,113,8+100
1,166,4+65
0,195,10+91
0,105,6+80
0,120,2+79
1,194,1+100
0,128,4+54
0,195,3+83
0,160,2+63
1,134,2+66
0,196,6+70
0,120,1+59
1,142,5+76
0,150,4+88
1,108,9+56
1,103,3+58
0,107,7+75
0,100,2+95
1,119,4+95
1,162,5+80
0,168,6+97
0,191,2+86
0,155,10+100
1,120,3+56
0,197,10+95
0,198,2+70
0,104,10+73
0,198,8+98
0,160,9+63
1,166,1+88
1,101,5+82
1,162,6+77
1,109,4+92
1,197,3+93
1,104,9+57
1,149,2+59
0,195,6+56
1,116,8+57
1,149,8+81
1,173,10+95
1,182,4+58
1,179,1+52
1,167,9+51
1,185,4+81
1,104,1+87
0,199,4+57
0,197,9+56
1,168,1+92
0,162,3+58
0,137,2+77
1,110,5+89
1,197,4+98
0,120,7+81
0,191,9+97
1,132,10+88
0,182,10+51
0,177,2+87
1,157,8+94
0,144,4+86
0,140,10+63
1,160,2+61
0,116,1+88
1,123,8+65
1,168,7+92
1,137,2+78
1,113,7+55
1,104,4+57
0,128,8+70
1,127,5+58
1,123,9+55
1,176,8+58
0,168,3+75
1,138,1+51
1,184,4+62
1,164,5+77
0,122,8+61
0,162,6+83
1,162,5+61
1,130,8+92
0,168,8+76
0,193,6+72
0,100,6+95
0,134,7+63
1,191,1+56
0,115,8+52
1,170,2+52
1,185,2+70
1,175,3+87
1,166,1+86
1,184,3+84
0,128,2+99
1,146,1+79
0,139,8+76
1,118,7+75
0,119,8+75
0,176,6+86
0,132,2+58
1,144,4+98
1,113,10+56
1,171,2+71
0,200,10+90
0,119,6+50
1,165,6+76
1,171,1+54
0,175,8+69
1,197,5+58
0,196,9+71
0,140,9+67
0,164,6+87
0,106,4+99
0,131,2+50
0,169,7+63
0,158,10+78
1,136,6+67
0,168,8+56
1,195,2+97
1,174,4+51
1,102,1+61
0,111,4+98
0,111,8+91
1,128,3+83
0,155,6+92
0,145,4+53
0,147,3+72
1,171,4+50
1,109,6+85
0,183,7+75
1,135,4+84
1,189,6+62
0,184,2+73
1,153,3+60
1,125,9+89
1,123,9+89
0,100,9+67
1,163,3+62
1,130,7+96
0,166,8+64
0,143,10+97
0,151,9+82
0,193,2+65
0,127,9+89
0,123,8+90
0,161,6+64
1,144,6+87
0,197,6+99
0,184,7+60
1,196,6+72
1,163,8+97
0,125,2+63
1,150,6+84
1,132,2+65
1,148,9+73
0,149,8+93
1,199,8+58
0,135,7+95
0,144,6+88
1,117,10+84
1,100,8+91
0,149,5+88
1,159,6+51
1,164,7+100
1,123,9+77
0,119,7+82
1,162,7+97
0,185,7+59
1,149,4+96
0,127,5+70
1,175,7+57
0,156,10+52
0,103,4+100
1,173,4+92
0,151,4+93
0,149,1+91
0,119,9+93
1,187,10+79
0,103,4+88
1,108,1+91
0,165,8+54
1,161,5+64
1,192,10+96
0,166,1+68
1,152,3+89
1,117,2+96
1,133,3+91
0,155,3+92
1,145,1+71
0,170,9+99
0,161,10+97
0,157,1+65
1,133,5+96
0,147,1+81
0,138,10+88
0,110,5+92
1,192,8+100
0,192,5+67
0,128,10+80
0,107,3+50
1,161,6+91
1,122,9+98
0,164,7+100
1,131,6+99
1,101,1+100
1,104,4+61
0,157,6+63
1,115,1+74
0,143,10+69
1,176,1+80
1,184,10+87
0,109,2+78
1,169,4+86
1,145,4+65
1,189,7+65
0,115,4+97
1,164,4+99
1,150,5+84
0,115,5+88
0,116,4+80
1,118,3+72
0,116,3+83
0,121,10+73
1,138,7+79
1,176,7+86
0,155,4+64
1,191,1+69
1,164,3+82
1,131,4+70
0,194,8+67
0,113,3+82
1,193,6+54
1,119,9+88
0,167,7+63
0,119,9+85
0,194,5+89
0,175,4+82
1,171,2+82
1,138,3+78
1,179,8+68
1,200,7+77
0,193,1+96
1,111,8+86
0,134,6+93
1,145,1+99
1,184,4+54
0,104,7+84
0,115,10+86
1,149,9+55
1,110,1+91
0,139,1+53
0,148,6+60
1,188,2+76
1,185,3+100
1,124,5+89
0,124,5+82
0,164,1+91
0,184,7+84
1,167,2+76
1,140,2+54
1,110,7+64
0,174,7+61
0,106,5+70
1,152,5+87
1,104,2+58
1,188,1+61
1,122,7+58
0,125,6+80
0,182,5+74
1,153,5+99
0,118,3+92
0,167,3+87
1,164,3+78
1,107,2+89
1,123,7+78
0,152,8+85
1,172,2+84
1,166,2+85
0,134,6+66
1,158,2+51
1,167,5+65
1,110,2+57
1,144,6+97
1,174,7+94
1,105,4+74
1,178,8+50
0,157,3+83
0,127,6+54
0,198,3+50
1,105,6+91
1,144,2+88
0,166,3+92
0,143,4+99
0,115,2+82
0,112,9+99
1,190,3+82
1,175,1+95
0,117,5+79
1,181,10+73
0,138,4+87
1,122,7+65
1,116,2+92
0,197,5+96
1,165,1+98
1,149,4+68
0,189,5+56
1,145,3+54
0,153,1+57
1,107,9+92
0,147,9+97
1,114,7+78
0,176,4+91
0,110,3+64
1,183,8+96
0,176,10+69
1,106,10+68
1,168,2+79
0,187,6+100
1,138,7+61
1,154,10+91
1,197,7+50
1,112,6+90
0,186,3+56
0,127,8+90
1,139,4+100
1,151,10+56
0,128,9+96
0,119,5+71
1,195,1+52
0,120,3+95
1,153,3+99
0,190,9+52
0,198,7+75
0,159,3+91
0,104,2+70
1,132,3+51
1,166,3+71
1,156,7+82
0,127,10+77
1,173,6+92
0,146,2+90
1,163,3+65
0,108,9+56
0,180,10+98
1,115,1+86
0,143,4+88
1,102,9+69
1,143,8+86
0,138,8+72
0,195,6+68
1,107,9+65
1,157,8+88
0,195,3+57
1,186,4+99
0,193,4+77
1,175,2+74
0,191,5+57
1,113,3+75
1,157,4+62
1,193,5+100
0,105,1+97
0,120,1+93
1,153,2+53
1,133,6+88
0,149,2+99
0,114,9+97
0,131,4+51
0,193,3+69
1,131,5+91
1,122,5+93
1,128,9+76
0,180,3+97
0,163,6+89
1,183,8+81
1,107,6+100
0,136,2+67
0,137,2+51
1,181,5+66
0,124,8+69
1,180,7+74
1,111,4+52
0,177,5+65
1,137,9+67
0,128,3+66
0,117,6+79
1,145,7+71
0,104,6+97
1,119,7+79
0,179,4+91
1,200,9+74
0,199,7+87
0,182,7+92
1,167,6+55
0,189,9+97
1,161,2+68
0,140,3+92
1,146,8+68
0,123,6+69
0,153,3+58
1,102,2+69
1,115,6+92
0,200,6+98
1,196,1+58
1,113,10+63
1,151,2+87
0,181,6+85
1,194,2+50
1,157,5+64
1,135,1+73
1,121,1+100
0,118,2+84
0,186,6+80
1,116,1+70
1,187,5+62
0,196,6+84
1,153,4+51
1,126,2+62
0,178,8+62
1,149,1+91
0,148,7+76
1,128,3+93
1,164,8+90
1,192,3+59
1,182,8+63
1,177,9+65
0,144,4+84
0,195,3+51
1,152,10+85
1,126,1+57
1,120,2+80
1,164,8+98
0,134,7+75
1,164,4+68
0,133,1+74
0,164,9+93
0,198,2+73
0,110,8+90
1,194,4+84
1,163,4+74
1,169,8+75
1,190,9+93
1,147,1+100
0,177,1+53
1,161,4+51
1,185,8+53
1,144,3+51
1,143,3+86
1,123,1+97
1,160,1+62
0,147,5+87
0,162,10+55
1,186,8+60
1,186,9+72
1,155,9+64
1,118,8+86
0,129,2+61
0,160,9+97
1,164,6+73
1,159,2+80
0,172,9+67
0,179,5+52
0,186,4+59
0,114,1+52
1,114,3+73
1,141,8+56
0,115,10+55
0,189,7+65
1,173,8+88
1,116,6+96
0,133,5+69
0,117,5+72
1,126,6+57
1,116,8+81
1,117,3+63
0,186,5+61
1,121,10+92
0,125,3+62
1,159,6+96
1,119,6+50
1,180,8+82
1,108,4+97
0,169,3+87
0,154,5+69
1,118,3+64
0,178,7+75
1,147,7+67
1,194,10+95
1,151,2+93
0,137,7+99
0,126,5+94
0,179,3+60
0,116,3+69
1,171,6+77
0,101,9+87
0,136,1+80
0,114,4+60
1,150,9+98
1,140,6+97
0,168,8+79
1,161,2+86
1,110,7+60
1,176,2+52
1,192,6+91
1,127,2+53
1,178,4+77
1,129,7+93
1,144,3+84
0,106,10+86
0,111,5+65
0,134,2+77
1,165,9+91
1,167,9+63
1,120,8+58
1,110,3+84
1,126,5+65
0,178,1+65
1,174,9+85
0,178,7+66
1,175,5+97
0,151,3+73
0,115,8+57
0,151,3+89
0,118,3+70
0,177,2+98
1,138,7+80
0,164,9+71
0,179,7+67
1,119,8+50
0,165,10+63
1,124,2+87
1,133,6+60
0,165,6+56
1,118,1+52
0,114,10+80
0,144,9+60
0,114,8+78
1,180,5+56
0,184,5+99
1,113,7+59
1,135,4+95
1,127,4+89
0,183,1+58
1,178,8+74
1,184,10+88
0,132,4+84
1,191,1+63
1,108,10+88
0,139,9+51
0,132,5+85
0,103,4+52
1,129,8+98
1,179,7+55
0,171,7+64
0,140,2+71
1,137,3+66
0,159,4+56
1,141,2+57
1,120,2+85
1,173,6+75
0,163,10+57
0,140,2+65
1,178,3+81
0,144,6+68
1,195,7+52
0,115,9+91
0,169,10+97
1,106,2+68
0,144,1+53
1,111,9+92
0,183,2+89
1,146,6+82
0,170,1+50
1,173,2+79
1,195,2+82
0,164,3+80
1,164,3+81
1,124,8+74
1,180,7+66
1,103,3+53
0,174,1+55
1,133,2+52
0,124,7+51
0,162,2+77
1,124,1+100
0,166,4+100
1,194,2+89
0,113,4+51
1,131,10+53
0,165,10+53
1,116,9+72
1,141,7+55
0,190,4+80
1,149,8+65
0,180,2+66
0,137,4+89
1,109,4+66
1,124,3+56
1,142,10+71
1,123,9+51
0,178,5+64
1,186,5+92
1,120,2+85
1,108,10+94
1,115,6+86
1,137,10+73
1,115,9+71
0,179,4+71
1,195,10+55
0,200,3+90
0,124,8+81
1,134,2+56
1,151,5+99
1,142,2+73
0,101,6+81
1,187,7+64
0,173,9+87
0,166,10+63
0,145,9+71
1,151,6+59
0,110,2+83
1,189,2+78
1,108,3+75
1,177,8+72
0,189,2+88
1,130,9+55
0,111,6+95
0,100,5+51
0,169,9+75
1,172,6+60
1,170,1+69
0,117,2+65
0,100,4+59
1,111,4+70
0,200,10+61
0,196,8+82
1,191,3+96
0,133,9+90
0,134,1+81
0,187,9+52
0,147,8+60
0,120,7+52
1,142,10+87
0,144,10+85
1,165,5+73
0,134,6+50
0,171,7+51
0,105,7+53
0,157,4+91
1,137,4+96
1,158,7+63
0,176,1+70
1,121,1+72
0,145,10+77
0,180,1+94
0,167,4+55
0,184,4+67
1,157,3+76
1,135,7+83
0,176,7+59
1,158,10+98
1,105,2+94
0,127,7+60
1,121,6+65
0,138,9+94
0,110,8+94
0,109,10+90
1,184,5+58
0,187,7+71
1,159,1+81
0,188,5+55
0,121,2+60
1,197,5+97
0,112,4+63
1,147,3+58
0,175,7+89
1,188,3+81
0,189,1+66
0,115,9+83
1,104,2+83
1,188,4+91
1,152,1+51
0,190,6+56
0,180,9+91
0,190,7+83
1,100,5+52
0,168,2+84
0,199,10+78
0,126,6+94
0,136,4+88
1,191,4+89
0,118,10+58
0,110,8+95
1,165,7+85
0,192,3+62
1,188,8+91
1,146,8+100
1,177,7+70
1,104,3+87
0,187,9+70
0,156,7+97
0,106,3+80
1,184,7+85
1,156,2+100
1,128,4+62
0,187,7+69
1,198,3+61
0,137,1+88
0,126,2+68
1,137,1+55
0,188,7+78
0,150,7+95
0,131,10+75
1,136,9+76
1,131,6+97
0,111,7+83
1,169,3+57
0,143,1+64
0,106,2+53
0,147,10+87
1,161,4+84
1,150,9+99
1,200,6+82
0,196,1+64
1,167,4+79
0,181,3+58
1,181,3+91
1,147,10+93
0,171,5+85
0,115,4+99
0,186,4+83
1,184,8+70
1,196,9+82
0,119,9+88
1,187,3+63
0,131,4+100
0,148,10+92
1,193,2+65
1,101,6+57
0,121,4+66
1,199,7+79
1,108,3+58
0,100,5+78
0,101,8+85
1,139,1+95
1,152,1+83
0,194,1+52
1,183,1+81
1,110,7+67
0,180,8+82
1,162,4+73
0,180,6+85
1,182,8+67
1,116,8+72
1,136,4+93
1,163,3+77
0,105,2+90
1,153,10+98
0,197,7+68
0,150,2+81
1,181,7+100
1,186,9+76
1,196,7+58
1,101,5+64
1,137,1+83
1,136,4+83
0,185,5+89
0,175,5+54
1,165,2+86
1,199,6+74
0,184,5+72
0,157,6+53
0,147,8+77
1,160,7+91
0,104,9+64
0,159,6+75
1,123,8+87
0,175,7+74
1,139,9+92
0,168,8+85
1,193,3+71
0,101,8+100
0,175,8+60
0,193,9+63
0,156,5+95
1,178,2+51
0,120,2+67
0,116,4+92
1,133,9+51
1,196,2+87
0,155,2+72
1,116,3+87
1,195,2+60
1,169,2+62
0,197,8+92
0,137,6+91
1,125,4+65
1,188,7+92
1,156,4+68
0,125,4+95
0,182,2+78
0,139,4+90
1,108,3+65
0,118,7+58
1,177,4+52
0,156,9+66
1,181,2+81
0,152,7+78
1,126,5+93
1,171,5+85
1,150,2+61
0,110,9+79
0,113,1+85
1,187,2+94
0,194,8+63
0,191,3+100
1,173,3+84
1,104,3+70
0,115,5+68
0,155,8+50
0,192,3+90
0,191,10+79
1,183,7+92
1,131,4+62
0,105,8+62
0,155,9+93
1,194,8+55
1,114,9+83
1,190,8+61
1,108,2+83
1,125,3+65
0,131,4+94
0,199,10+50
1,100,9+100
1,193,5+63
0,180,10+69
0,195,7+53
0,163,6+63
1,194,4+99
0,193,4+69
1,158,3+62
0,139,10+91
0,144,2+87
1,111,6+89
1,110,3+75
1,116,3+82
0,107,1+93
0,179,3+56
0,195,6+98
0,130,5+69
0,192,8+78
0,118,10+65
1,128,2+71
1,150,9+77
1,146,2+86
1,158,8+61
1,172,10+68
0,180,8+95
1,185,6+64
1,180,10+66
1,170,10+77
1,111,5+72
0,134,1+83
0,138,5+72
1,116,2+65
0,184,2+96
0,135,6+69
0,138,2+64
1,185,3+72
0,109,4+61
0,115,5+71
0,190,2+51
1,141,1+96
0,156,10+90
0,163,9+60
1,174,1+99
1,164,10+58
1,174,10+85
1,125,10+61
0,143,3+97
1,163,6+90
0,139,5+59
1,152,10+73
0,122,9+62
0,178,5+60
1,106,2+63
1,135,10+94
0,125,3+82
0,118,1+82
0,187,6+51
0,193,10+60
0,110,4+74
0,151,7+99
1,124,9+65
1,190,2+57
0,182,9+65
1,112,1+69
1,168,6+82
0,187,3+53
0,175,3+59
0,105,7+100
0,141,2+67
1,108,3+58
1,182,6+83
1,141,5+53
1,116,3+94
1,147,6+58
1,138,7+51
0,125,4+50
1,194,8+62
0,158,7+78
0,122,3+72
1,107,9+81
1,161,6+90
1,137,8+71
1,128,5+91
0,139,1+72
0,139,7+83
1,122,8+79
0,158,4+83
1,150,5+93
0,198,7+87
1,156,7+85
0,188,3+51
1,185,4+91
1,108,5+59
1,102,8+81
0,111,10+64
1,100,4+74
1,154,7+84
1,102,9+88
0,141,8+50
1,166,9+79
0,169,8+57
1,138,9+80
1,111,9+51
1,110,1+75
0,195,1+66
0,118,2+58
1,102,10+67
0,180,2+84
1,136,10+52
1,144,4+91
1,140,2+87
1,167,10+62
1,110,6+57
0,164,7+77
0,190,10+74
0,190,7+60
1,178,3+85
1,168,6+52
0,189,2+95
1,180,1+88
1,191,7+74
0,181,6+61
0,137,9+76
1,168,2+62
0,157,9+98
1,168,8+54
0,115,6+85
0,185,1+92
0,193,9+65
0,170,4+64
1,119,5+71
1,126,3+93
1,147,2+69
1,132,3+81
1,100,9+98
1,117,10+85
1,127,9+99
0,172,4+89
1,172,6+91
0,133,6+99
0,178,10+78
0,111,6+59
0,102,9+68
0,128,10+92
0,179,7+99
0,147,10+91
0,112,8+63
0,189,1+60
1,152,5+69
1,188,8+59
1,172,4+81
1,174,4+89
1,145,9+78
1,172,1+65
0,165,10+77
0,121,10+65
1,118,6+98
0,178,5+76
0,194,1+74
1,184,7+82
1,116,8+74
1,134,4+57
1,133,6+61
0,168,1+51
0,122,10+97
1,120,3+67
1,110,4+84
1,146,3+89
0,113,7+90
0,198,7+95
0,197,6+58
0,168,10+89
0,175,6+78
0,171,1+81
0,124,4+61
1,176,10+60
0,161,2+79
0,174,6+73
1,191,1+69
1,165,7+93
0,147,1+74
0,126,7+52
0,121,4+62
1,159,7+82
0,110,2+85
1,107,7+79
1,182,9+60
1,170,2+82
0,166,8+90
0,151,4+92
0,145,2+100
0,169,6+80
0,180,9+96
1,118,2+59
0,186,9+81
1,167,3+75
0,125,1+89
0,106,7+74
1,170,6+72
0,175,5+70
0,106,7+80
1,194,2+52
1,124,7+70
0,115,8+78
1,138,7+95
0,165,8+68
1,107,1+63
0,146,3+65
1,139,8+68
0,136,2+94
1,161,10+91
1,168,3+66
1,121,6+55
0,129,1+73
1,131,2+77
1,175,2+96
1,174,9+94
0,106,4+93
1,118,8+57
0,112,9+53
0,132,10+80
0,162,2+94
0,124,3+51
0,160,6+71
1,135,9+62
1,182,2+72
0,152,8+65
1,195,7+78
1,199,6+55
0,138,2+98
1,169,2+58
0,148,3+64
0,101,5+51
0,149,5+84
1,180,5+55
1,156,4+75
0,200,2+69
0,161,3+95
1,198,9+56
1,174,1+100
0,171,6+64
1,165,4+99
1,143,5+58
0,122,10+84
1,159,6+56
1,114,9+53
0,162,3+52
0,154,5+72
1,165,4+71
0,104,9+50
1,137,3+96
0,175,9+91
0,160,5+64
0,134,9+64
0,140,4+97
0,199,2+92
1,149,7+90
1,104,1+65
0,200,5+56
0,153,10+59
0,123,4+54
1,170,2+97
0,196,7+86
0,168,4+52
0,163,4+85
1,186,9+58
0,150,9+71
1,131,4+84
0,108,10+67
0,100,3+69
1,179,4+96
1,130,1+54
0,165,1+84
1,131,2+87
1,102,3+62
1,167,7+91
0,124,8+100
0,153,3+52
1,126,10+74
1,169,6+51
0,117,3+52
1,153,10+100
1,148,3+90
0,151,2+84
1,138,8+98
1,176,9+90
0,120,10+82
0,143,4+92
1,177,4+72
1,180,4+71
1,141,3+56
1,197,4+85
0,105,4+61
1,189,3+65
1,169,6+88
1,112,7+71
1,160,6+78
0,126,8+89
0,109,10+80
0,106,3+96
0,149,8+70
1,179,5+80
1,193,1+93
1,113,3+89
1,145,9+80
1,150,9+80
0,125,10+66
0,135,6+88
0,191,2+67
1,180,2+58
1,136,6+57
1,168,10+73
0,188,8+60
1,131,5+73
1,177,6+77
1,150,6+88
0,197,10+65
0,102,5+93
1,107,8+97
0,138,10+63
0,155,8+80
1,158,7+86
1,168,10+86
0,165,3+58
0,100,6+62
0,182,5+75
1,151,9+95
0,144,7+56
0,197,5+58
0,136,3+59
0,188,6+52
1,145,2+53
1,152,4+72
1,189,8+78
1,177,1+83
1,117,2+69
1,117,7+53
0,122,8+65
0,189,1+95
1,136,1+68
0,152,4+79
0,106,3+77
0,171,1+93
0,149,1+87
0,100,10+74
1,116,4+79
1,164,6+74
0,150,2+69
0,111,2+93
0,154,10+55
1,169,3+86
1,122,8+81
0,115,3+98
1,171,8+53
1,153,10+88
1,144,2+99
1,171,9+97
0,169,7+84
1,102,5+86
1,200,5+83
1,152,5+64
1,176,1+96
1,142,7+86
1,171,7+68
1,167,5+92
0,195,3+76
1,194,9+57
0,119,4+68
0,107,5+90
1,142,4+78
1,191,8+65
0,153,4+93
0,167,7+60
1,137,6+78
1,168,2+55
0,111,10+93
0,160,9+86
1,107,7+61
0,162,10+86
1,135,4+94
0,105,8+99
0,158,4+90
0,149,7+55
1,149,6+95
0,163,6+85
1,140,10+91
0,197,9+85
1,179,2+84
0,182,6+52
1,119,1+54
1,168,8+66
1,179,2+94
0,133,9+53
1,177,1+85
0,120,10+68
0,145,8+79
1,121,5+87
1,161,2+81
0,157,7+79
1,193,1+54
0,158,6+57
1,116,4+99
1,119,4+76
0,132,2+81
1,163,8+96
1,158,3+99
1,114,9+58
1,180,4+89
0,156,2+52
1,180,2+71
1,181,7+61
1,108,10+68
1,117,9+95
0,129,9+93
0,132,6+72
1,116,8+65
0,162,3+61
1,122,1+61
1,111,3+53
0,136,6+51
1,192,5+94
1,164,9+51
0,154,3+50
0,110,1+99
1,191,1+60
1,128,3+73
0,117,7+88
1,172,10+100
1,145,10+64
0,167,6+99
0,138,4+58
0,179,7+50
0,133,7+68
1,104,3+60
0,128,4+50
0,155,3+85
1,128,6+99
0,185,9+77
0,119,8+76
0,140,5+84
0,106,6+66
1,149,1+87
1,190,10+65
1,116,6+63
1,190,2+84
1,183,4+76
0,134,2+59
0,167,7+72
1,180,7+73
0,149,5+85
1,193,1+83
0,104,10+81
0,160,8+53
1,160,1+62
0,103,1+94
1,186,3+55
0,107,1+55
1,171,4+50
0,142,9+59
1,142,7+64
1,170,8+67
1,136,9+69
1,166,10+84
0,159,7+92
1,200,1+67
1,194,5+63
0,163,4+66
1,169,9+83
0,145,2+80
1,154,5+53
1,161,7+62
1,186,4+94
0,150,3+51
1,117,2+50
0,132,3+67
1,131,1+50
1,140,7+78
0,142,5+89
1,162,10+68
0,107,1+88
0,152,1+87
0,149,8+90
0,162,4+53
0,142,9+81
0,153,6+51
1,166,2+67
0,132,8+57
1,134,3+78
0,140,9+54
1,160,4+86
0,177,3+58
0,188,8+62
0,122,5+61
1,194,5+70
0,165,3+50
1,150,4+65
1,189,4+79
0,199,10+78
0,197,7+62
0,173,7+80
1,169,8+75
1,105,6+66
0,143,10+60
0,179,10+64
1,149,2+82
0,122,5+67
0,142,7+51
1,110,2+80
0,105,9+99
0,196,6+60
1,152,10+60
0,113,2+93
1,134,5+51
1,148,2+51
1,137,10+96
0,127,4+61
1,101,2+95
0,140,5+89
0,106,4+100
0,135,6+83
1,170,5+65
1,150,1+93
0,171,6+72
1,116,5+54
1,108,6+77
1,108,9+52
1,155,1+57
0,126,7+77
1,190,10+53
0,130,5+97
1,126,10+61
0,119,9+75
1,144,2+88
1,170,8+89
1,172,4+66
0,194,2+87
0,165,7+71
1,118,8+98
0,123,1+50
1,127,7+59
0,178,4+52
1,161,10+64
1,130,1+99
0,110,6+55
0,130,9+75
1,146,4+88
1,118,4+55
1,171,4+64
1,138,8+50
0,192,6+68
0,138,9+90
1,159,1+99
0,112,10+64
1,136,4+69
0,144,6+60
0,150,8+82
1,141,10+99
1,125,10+98
0,168,5+98
1,183,3+86
1,198,2+76
0,150,5+79
1,195,10+67
0,183,4+52
0,186,2+73
1,117,10+57
0,198,4+91
0,100,8+94
0,185,3+66
1,168,10+91
1,181,3+57
0,180,6+97
0,168,8+51
1,121,3+62
0,134,1+71
0,186,1+53
0,172,7+65
1,117,3+69
0,182,2+95
0,178,8+61
0,195,9+56
0,188,1+94
0,159,10+90
0,159,10+99
1,135,9+62
0,137,5+96
1,130,8+80
0,129,9+100
0,200,2+65
1,131,10+51
1,171,7+89
1,171,1+76
0,177,5+75
1,184,2+80
0,200,7+94
1,146,1+95
0,128,9+59
1,110,5+54
1,155,8+77
1,184,8+77
1,180,1+94
1,197,10+77
1,109,7+50
1,148,8+71
0,182,2+91
1,177,5+62
1,146,1+94
0,188,7+75
1,148,1+87
0,170,5+53
0,197,4+71
1,167,8+51
0,161,4+69
0,124,1+85
0,175,9+51
0,134,9+84
0,151,8+98
1,192,6+67
0,196,8+73
0,184,1+93
1,121,8+90
1,161,3+62
1,140,1+70
0,176,7+99
1,152,10+99
1,185,4+71
1,100,5+52
1,171,9+85
1,114,1+80
0,108,6+90
1,135,8+51
1,171,9+52
0,187,7+83
0,178,3+85
0,110,5+73
1,200,9+74
1,156,10+73
1,188,1+97
0,176,10+80
0,174,2+82
1,115,4+85
0,134,9+71
1,117,1+92
0,180,4+50
0,137,9+57
0,174,9+68
0,139,1+65
0,171,8+54
0,190,7+51
1,137,9+86
1,134,4+76
0,186,2+73
1,102,7+89
0,172,3+59
0,152,8+89
0,128,7+98
0,103,2+59
1,186,5+71
0,183,8+72
0,187,7+93
1,162,7+81
1,127,5+89
0,167,2+69
1,193,2+65
1,148,5+90
0,146,8+78
1,138,10+68
1,166,6+86
0,170,9+66
0,108,3+50
1,142,2+97
1,132,1+62
1,189,6+76
1,113,7+94
1,110,10+63
0,195,2+93
0,156,1+50
0,103,7+59
0,114,2+65
1,132,5+61
1,102,4+84
0,139,9+69
0,191,3+79
1,174,9+62
0,173,5+73
1,127,2+53
1,187,4+78
1,121,10+96
0,155,4+74
1,182,3+98
1,110,6+57
1,179,4+72
1,193,9+82
1,125,10+80
1,135,7+84
1,184,1+93
1,111,6+97
0,148,4+90
0,101,5+58
1,175,9+91
1,186,8+74
1,184,9+71
1,196,9+72
0,150,7+86
0,177,6+87
1,126,10+69
1,122,6+87
1,166,4+79
0,164,7+84
1,118,5+77
0,195,3+90
0,170,7+92
0,149,4+84
0,176,1+92
1,196,7+54
0,115,5+81
0,154,3+97
1,156,3+90
1,102,10+89
1,178,5+60
0,141,9+63
1,115,6+66
0,184,2+78
0,155,3+87
1,124,2+97
1,111,7+83
0,117,6+79
1,134,9+63
0,154,8+77
0,147,5+88
0,106,5+55
0,174,8+73
0,164,4+77
0,122,7+63
1,117,9+100
1,148,10+68
1,106,4+92
0,139,7+86
0,108,10+81
0,181,8+75
0,191,1+89
1,160,5+63
0,180,3+57
1,124,2+57
1,145,7+84
0,139,6+52
1,148,4+82
1,115,6+74
0,193,5+86
1,171,4+89
1,158,5+81
0,197,2+94
0,177,8+54
0,200,5+63
0,105,2+93
1,167,8+55
0,123,7+80
1,142,5+51
1,132,9+70
0,187,6+99
0,142,8+96
0,181,10+57
0,188,4+98
0,166,1+85
1,114,2+55
0,179,3+93
1,193,1+50
1,110,6+82
1,101,8+81
0,195,6+54
1,103,1+53
1,172,6+78
0,127,5+89
0,154,10+73
0,102,5+79
0,145,7+92
1,112,7+76
1,126,1+77
0,121,6+52
0,153,7+58
1,180,10+93
1,185,3+67
0,188,4+100
0,148,9+65
0,128,3+92
0,100,4+95
0,171,1+65
0,137,7+69
0,170,4+77
1,197,8+55
1,132,7+79
0,145,4+51
0,136,8+62
0,112,9+65
0,110,3+76
0,141,2+83
0,151,7+93
0,189,5+94
1,118,5+87
0,122,7+98
0,184,5+76
1,128,6+93
0,140,9+70
0,124,4+87
0,111,4+64
1,161,1+59
1,102,5+89
1,173,4+74
0,181,4+93
1,145,10+75
0,195,1+75
1,175,3+89
0,173,5+54
0,140,3+94
0,160,10+71
0,198,6+50
1,186,8+50
1,169,9+82
1,126,1+84
1,111,6+70
1,197,6+66
0,127,2+82
0,190,7+91
0,145,2+84
0,169,3+89
1,163,4+87
1,161,1+63
0,169,2+89
0,155,1+51
0,114,5+76
0,164,1+77
1,166,5+75
0,124,10+74
0,137,6+65
0,129,8+76
0,166,5+84
0,138,5+85
1,167,4+79
0,122,10+56
1,176,6+69
0,115,1+75
0,114,6+88
1,178,6+73
1,122,8+51
0,183,7+73
0,153,1+63
1,162,7+98
1,130,7+73
1,128,1+81
1,155,6+83
0,134,6+58
0,136,4+75
1,153,2+71
1,138,4+66
1,161,4+53
1,131,9+61
1,137,7+94
0,122,7+97
1,117,7+77
0,199,2+54
1,153,10+93
0,191,2+66
1,197,6+62
0,134,9+69
0,175,5+98
1,142,1+87
1,132,9+79
0,141,4+71
0,167,1+84
0,136,1+51
1,115,9+89
0,100,7+61
0,137,2+51
1,105,1+63
0,114,7+77
0,127,7+56
1,137,1+83
0,196,9+54
1,134,3+60
1,170,10+80
0,145,2+94
0,125,8+92
0,142,6+59
1,116,8+80
0,112,4+70
1,174,2+86
0,166,5+58
1,189,3+56
0,120,6+80
0,125,4+71
0,185,2+76
0,173,9+69
1,138,4+72
0,154,7+87
1,116,2+61
1,163,8+63
0,112,5+66
0,103,7+89
0,127,5+81
0,157,4+85
0,109,8+70
1,140,8+66
0,191,1+71
1,150,10+52
1,142,9+50
0,165,3+52
0,119,1+69
1,200,1+94
1,151,2+50
1,140,7+82
0,182,8+81
0,157,5+100
1,177,3+90
0,130,8+58
0,182,9+76
1,177,8+66
1,147,6+95
1,124,8+53
0,199,6+81
0,128,2+96
0,173,2+69
1,126,4+80
1,166,4+61
1,135,5+69
0,137,7+87
1,121,1+99
1,181,10+64
0,134,9+70
0,168,9+63
0,183,9+77
1,131,8+88
1,180,3+77
0,123,5+78
1,169,9+81
0,197,9+69
0,138,5+76
1,168,8+72
1,119,3+93
1,103,5+57
0,152,6+62
0,158,2+72
1,124,6+74
0,189,1+74
1,193,3+73
0,135,5+64
0,107,1+59
1,176,6+87
1,115,7+92
0,102,1+52
0,122,5+94
0,181,10+84
1,133,7+85
0,136,1+72
1,138,1+70
0,174,2+82
1,127,8+77
0,129,7+98
0,187,1+52
0,163,6+52
1,111,6+83
1,150,1+74
0,104,7+80
1,121,2+91
1,177,3+100
0,128,1+50
0,101,3+80
1,146,5+71
0,200,5+66
1,133,6+78
0,168,10+73
0,108,1+81
0,137,5+96
0,173,3+50
1,110,7+50
1,165,6+52
1,121,8+60
0,163,10+97
0,200,2+94
1,185,3+68
0,114,9+85
1,161,3+77
0,157,4+93
1,184,5+98
1,159,9+81
1,151,2+96
1,199,5+51
0,140,2+77
0,165,3+70
1,175,2+99
0,104,2+96
1,167,1+78
0,153,6+62
0,108,6+59
0,104,7+87
1,160,10+64
0,102,6+51
1,177,9+93
1,112,2+92
0,157,8+71
1,142,4+93
1,108,2+82
1,196,10+59
0,133,10+74
0,148,4+93
1,172,2+82
1,197,1+75
1,140,10+55
1,153,6+87
0,185,8+82
0,183,1+97
1,127,2+74
1,140,6+93
1,181,9+95
1,186,8+96
1,126,10+85
1,126,10+78
1,144,5+69
0,167,10+98
0,177,2+51
1,154,4+96
0,102,8+78
0,154,10+99
1,193,2+85
1,118,1+96
0,177,10+69
0,148,9+62
0,169,6+62
0,172,10+84
1,187,6+89
1,180,4+91
1,158,1+91
0,184,10+52
0,100,8+58
0,183,5+86
1,115,7+93
1,135,6+62
0,189,8+54
1,187,8+67
1,197,6+77
1,145,3+85
0,152,9+58
0,200,8+97
0,107,5+65
1,168,1+87
1,102,10+61
1,172,10+50
1,179,1+96
1,104,5+55
1,177,9+98
1,159,7+63
0,115,1+85
1,164,8+60
0,125,10+57
0,160,1+78
1,179,3+95
1,137,5+86
0,180,2+58
0,143,1+67
1,199,6+68
1,139,1+95
1,188,3+56
0,167,10+66
0,187,7+62
0,162,2+76
0,101,10+84
1,185,5+82
1,155,5+72
0,134,7+93
1,105,6+99
0,147,5+77
0,151,2+62
0,163,10+61
1,183,6+51
0,156,1+92
1,189,10+59
1,135,3+97
0,175,6+77
0,179,4+54
1,165,8+80
1,161,9+99
0,171,9+75
1,153,8+80
1,130,7+97
0,163,3+98
1,101,10+81
1,105,3+52
0,162,2+76
1,111,9+91
0,125,2+98
1,197,10+100
1,184,8+90
0,107,7+95
1,158,5+92
0,166,3+94
0,138,6+53
0,152,9+59
1,146,7+75
1,180,8+52
0,112,1+63
0,178,6+54
0,105,10+54
0,139,10+77
0,141,10+61
1,198,9+64
1,137,10+84
1,102,7+72
0,199,7+96
0,173,5+58
0,110,10+70
1,170,6+95
0,194,7+56
1,167,2+98
1,197,4+88
0,193,8+68
1,128,10+99
0,174,7+94
0,141,5+69
0,140,10+88
1,115,7+59
0,141,5+62
0,151,7+59
1,147,8+60
0,148,6+74
1,196,3+89
1,114,9+58
1,127,4+63
0,142,10+56
0,127,1+83
1,166,1+85
1,171,2+79
1,191,2+57
1,164,10+75
0,126,7+59
0,180,1+95
0,113,6+79
0,146,3+97
1,169,7+56
1,138,8+59
1,170,6+55
1,125,1+97
0,193,5+99
0,197,3+59
0,187,7+93
0,155,1+82
1,152,6+60
0,128,7+79
1,112,4+96
0,123,4+92
0,137,9+64
0,198,2+89
1,156,2+50
1,115,1+61
0,107,6+93
0,177,9+70
0,147,6+74
1,132,2+71
0,143,5+71
0,200,5+85
0,153,3+85
0,120,2+64
1,179,3+66
1,155,5+98
0,194,2+84
1,147,5+75
0,111,5+99
1,176,9+74
1,105,2+84
0,155,10+75
1,107,5+58
0,131,8+84
0,181,2+59
1,191,9+87
0,150,3+96
0,179,4+55
1,143,1+52
0,138,2+86
0,136,7+84
1,118,9+79
1,122,9+77
1,158,5+91
0,112,1+51
0,174,8+68
1,104,2+87
0,131,9+56
1,185,1+52
1,140,3+87
0,181,1+97
0,152,2+69
0,151,5+95
0,179,5+99
0,166,5+99
1,186,6+94
1,141,5+91
0,192,10+52
1,100,3+93
1,169,2+72
0,111,7+68
0,170,10+72
1,105,4+100
0,113,5+73
0,161,7+92
0,114,2+97
0,159,6+63
1,176,2+99
0,119,1+65
1,111,9+60
1,128,5+94
0,174,2+86
1,122,4+58
1,157,1+57
1,119,4+79
0,180,10+66
1,131,5+90
0,125,3+50
1,140,6+68
0,191,2+61
1,127,6+52
0,197,2+53
0,140,4+52
1,113,10+64
0,106,10+78
0,192,9+63
0,123,3+50
1,199,3+74
0,144,1+51
1,141,7+95
0,154,9+86
0,135,3+90
1,116,2+76
0,114,5+67
0,151,3+60
1,135,7+56
1,162,1+100
1,193,3+62
1,114,5+91
0,188,1+89
0,106,8+55
1,172,3+90
1,192,1+100
1,170,10+56
0,132,10+65
1,146,7+70
1,110,8+51
0,129,2+53
1,195,5+97
0,152,1+54
1,168,3+99
0,101,5+50
0,135,5+65
1,174,4+99
0,169,7+72
1,119,2+86
0,102,1+85
1,112,9+100
0,111,10+68
1,177,8+92
0,106,6+99
0,141,5+66
0,105,6+66
0,200,9+76
0,156,1+95
0,154,1+93
1,123,4+77
0,186,3+68
0,148,9+86
1,119,10+71
0,178,10+70
1,179,9+93
0,167,3+50
0,189,8+67
0,193,4+56
0,165,5+63
0,119,8+77
0,103,4+65
1,177,6+91
0,128,5+100
1,190,6+59
0,176,1+93
1,122,2+54
1,101,1+79
1,109,6+85
0,185,9+94
0,128,6+71
0,121,7+75
0,157,5+96
1,116,4+84
1,181,3+68
1,126,6+52
1,112,4+64
0,118,4+90
1,190,8+67
0,123,1+81
0,171,9+86
1,195,10+63
0,128,3+79
1,153,5+98
1,158,2+83
1,146,1+94
0,130,1+75
0,142,10+91
0,154,1+62
0,198,3+58
0,195,5+78
1,120,3+93
0,170,8+90
0,168,4+88
1,114,1+55
0,106,3+72
1,113,8+50
0,111,3+99
1,170,10+71
0,180,8+97
1,199,8+100
0,139,2+71
0,167,7+65
1,139,10+94
1,178,9+59
0,116,7+75
1,139,3+92
0,115,5+89
0,101,4+82
0,193,9+82
1,121,9+69
1,188,1+95
1,185,8+58
1,133,8+82
1,133,3+100
1,104,10+64
0,124,5+73
0,137,7+100
0,139,6+97
1,128,6+60
1,116,4+68
0,178,1+76
1,158,3+68
0,153,7+50
0,190,7+72
1,167,8+62
0,192,5+61
0,180,7+96
0,145,5+85
1,143,10+83
0,195,10+63
0,132,7+93
0,186,8+85
1,198,9+77
1,175,8+96
1,157,2+96
1,126,5+65
1,187,10+62
1,139,4+69
1,104,4+62
0,146,6+80
1,193,9+68
0,107,3+81
0,159,10+52
0,131,4+64
1,118,5+74
0,155,1+78
0,125,3+81
1,135,4+98
1,120,3+72
1,141,8+74
1,182,4+78
0,138,4+76
1,154,8+74
0,183,10+59
1,178,2+97
0,186,10+100
1,199,10+79
1,119,1+54
0,123,9+71
0,182,10+57
0,162,5+83
1,137,6+90
1,110,10+67
1,109,3+74
1,129,10+93
1,156,2+58
1,137,4+54
0,187,4+65
1,154,10+56
1,175,10+70
0,116,8+91
0,116,6+93
1,147,1+96
0,147,10+54
0,132,3+63
1,185,1+93
1,194,9+60
1,152,4+56
0,104,10+92
0,166,6+78
1,165,8+91
0,197,8+73
0,135,7+59
0,147,3+54
1,186,6+99
1,128,8+67
0,186,1+67
0,132,3+85
1,170,9+50
0,156,5+89
0,159,2+63
0,199,10+55
0,181,2+54
0,147,10+88
0,178,2+51
0,137,3+72
1,118,8+95
0,149,1+100
1,191,9+84
1,173,3+52
1,110,5+87
1,181,7+82
1,178,6+63
1,127,5+76
0,178,3+89
0,197,7+99
1,127,7+94
0,134,6+70
0,126,8+77
1,103,2+91
1,146,4+92
0,165,3+82
1,196,1+63
0,166,5+85
1,150,6+61
1,146,6+50
0,192,4+100
0,135,3+51
0,102,9+82
1,109,9+71
0,155,7+71
1,164,1+95
0,122,1+72
0,164,2+72
1,114,2+70
1,134,1+82
1,155,4+85
1,184,10+55
0,131,1+81
0,143,7+60
0,195,7+84
1,175,8+81
0,129,8+87
0,126,1+72
0,127,4+91
1,149,3+100
1,101,3+58
0,171,6+91
1,151,4+72
0,178,8+66
0,135,7+98
0,186,9+61
0,162,10+61
0,156,6+78
0,135,7+55
1,200,10+76
1,143,1+88
1,128,3+57
1,141,8+87
1,107,6+90
1,194,6+74
0,172,3+70
1,108,10+63
1,131,4+72
1,196,4+97
0,200,1+59
0,129,7+95
0,157,10+100
0,183,3+56
0,115,10+62
1,172,6+96
1,109,10+64
1,129,3+77
1,146,3+83
1,101,2+77
0,142,1+53
1,166,2+84
0,131,4+78
1,113,7+78
1,192,10+93
0,111,4+86
0,147,8+79
0,123,9+80
0,150,3+71
1,182,7+64
0,198,4+61
1,159,2+71
0,117,8+81
1,187,2+65
1,139,10+65
0,138,8+71
1,195,6+61
0,199,9+51
0,185,4+72
1,155,6+94
0,122,7+57
0,159,5+77
1,123,8+87
1,114,7+95
0,199,5+63
0,133,8+95
1,104,9+70
1,119,5+91
1,103,3+80
1,166,1+80
1,194,1+56
1,185,2+93
0,136,1+73
0,125,7+50
0,138,9+93
1,101,10+52
1,113,10+94
0,138,7+93
0,153,4+74
0,193,5+77
1,142,6+59
1,190,7+91
0,107,2+90
0,142,8+97
1,122,4+70
0,176,1+64
0,175,5+77
0,114,7+73
1,100,5+82
1,180,7+67
0,110,9+66
0,183,5+85
0,124,3+59
0,167,1+79
0,192,8+92
0,113,3+61
0,100,10+98
1,106,5+86
1,159,10+54
1,148,6+97
0,113,10+50
1,173,4+68
0,124,2+73
0,104,4+59
1,111,2+86
0,119,1+89
0,140,4+50
0,131,5+93
1,104,8+86
0,111,10+85
0,158,6+72
1,188,5+57
0,121,5+74
0,159,1+61
1,120,8+75
1,126,1+77
0,113,2+99
0,176,2+80
1,146,3+60
1,123,5+64
0,153,9+59
0,124,1+95
0,100,6+85
0,110,1+81
0,110,7+87
1,185,9+92
0,145,3+51
1,200,6+84
1,168,1+57
1,200,2+86
0,137,10+77
0,124,9+58
1,139,9+87
0,119,1+70
1,178,8+73
0,123,6+73
1,115,4+67
0,164,6+92
1,155,7+73
1,190,8+98
0,191,2+79
0,130,8+83
1,153,8+93
1,184,6+51
1,111,10+98
0,124,10+60
1,117,10+57
1,136,3+94
1,140,8+87
0,166,10+95
1,105,2+61
0,105,9+54
0,130,1+70
0,110,6+89
1,146,6+89
1,160,3+69
0,122,8+93
0,167,4+83
0,103,9+87
0,158,8+78
1,180,2+70
1,151,8+67
1,141,1+78
1,169,10+58
0,138,9+77
1,161,6+50
0,178,8+63
1,160,9+81
0,146,9+73
0,166,4+56
1,102,2+62
0,111,9+54
1,102,3+77
0,130,1+89
1,100,9+60
0,131,5+64
1,101,4+51
0,183,9+60
0,180,4+68
0,172,1+67
0,183,6+72
0,142,8+94
1,160,1+74
0,181,1+72
1,127,6+50
1,169,6+92
0,120,6+80
1,137,4+78
1,126,1+90
1,107,10+74
1,115,5+66
1,150,8+62
1,136,10+50
1,186,6+79
1,132,3+53
1,169,1+54
0,183,1+95
0,155,3+53
0,105,6+64
1,102,7+64
0,122,10+63
1,135,10+86
0,194,1+93
1,169,4+68
0,152,7+86
1,182,6+55
0,184,1+70
1,194,5+68
1,110,6+56
1,183,7+82
1,116,2+84
1,188,10+51
0,139,10+58
1,163,8+58
0,142,8+70
0,197,9+63
1,145,6+73
0,129,8+89
0,167,7+54
0,125,4+76
1,109,7+97
1,148,4+68
0,117,5+86
1,138,5+62
0,145,8+84
0,146,2+59
0,199,4+81
1,149,9+74
1,171,2+69
1,147,7+55
0,119,4+88
1,196,8+52
0,111,2+78
0,199,7+86
1,184,5+97
0,140,6+66
1,141,9+89
0,163,1+100
1,199,3+95
0,136,9+100
1,151,5+57
0,193,5+63
1,175,2+98
0,169,4+51
0,156,3+61
1,158,10+62
1,186,10+52
1,162,8+93
0,137,8+68
0,150,7+91
1,177,3+78
0,172,8+74
0,161,1+95
0,195,5+96
0,129,10+90
1,199,8+67
0,126,6+89
1,198,2+90
0,127,3+88
1,127,5+64
1,174,6+80
1,114,9+60
1,191,9+67
1,196,5+80
0,154,8+76
0,181,10+65
0,151,5+54
0,122,3+53
0,156,4+51
1,186,10+88
1,102,3+58
0,112,6+78
1,100,6+78
1,189,9+86
1,121,3+64
1,162,6+72
0,138,4+86
1,180,2+53
1,124,7+79
0,142,3+52
1,148,6+84
1,175,8+100
0,189,3+81
0,196,10+55
1,200,8+92
0,137,4+58
1,145,7+68
0,174,6+73
1,154,8+72
0,144,10+69
0,188,6+74
0,119,2+52
0,149,9+60
1,190,2+71
1,117,2+69
0,193,2+66
0,165,6+78
1,178,6+88
0,142,1+88
1,145,6+88
0,104,7+68
1,151,7+75
0,132,4+64
0,104,2+92
0,179,9+76
0,173,1+55
1,167,4+90
0,122,5+61
0,152,9+82
0,169,4+94
0,162,5+74
1,157,2+54
1,157,4+62
0,150,4+59
1,113,10+73
0,170,5+76
1,183,9+52
1,164,2+90
1,117,7+85
1,133,7+82
1,116,3+76
1,120,5+73
0,193,4+65
0,149,1+74
1,194,8+80
1,172,9+97
1,181,9+93
1,174,6+90
0,173,6+93
1,119,4+53
1,113,4+66
0,159,8+96
1,188,4+63
1,119,7+94
0,160,3+64
0,175,4+77
1,167,5+58
1,143,5+85
0,200,8+74
0,190,10+66
0,186,1+59
1,117,1+99
1,173,2+73
0,194,3+95
1,175,6+81
0,199,10+94
0,181,9+58
0,160,6+93
0,128,2+84
1,109,2+67
1,138,1+78
0,104,6+50
0,157,7+53
0,192,3+95
0,114,6+84
0,177,6+98
0,108,5+95
0,181,5+93
0,144,9+92
1,177,8+75
0,170,7+92
1,142,9+88
0,188,5+80
1,132,2+61
0,173,7+59
0,185,9+53
1,140,8+61
1,135,4+72
1,100,10+97
0,139,6+68
1,168,10+96
0,112,8+51
0,134,9+96
0,114,2+71
1,147,4+58
1,100,9+57
1,125,4+59
1,164,7+96
0,166,1+70
1,194,8+90
1,158,3+82
1,148,10+73
1,146,7+77
1,106,4+88
1,196,5+90
0,131,5+94
1,158,8+89
1,181,8+77
0,139,8+72
1,115,6+88
0,184,9+100
0,119,6+93
0,126,1+66
0,133,6+60
0,183,1+81
1,170,2+57
1,173,8+91
0,172,4+76
0,130,3+63
1,133,1+61
1,150,2+59
1,155,2+99
1,197,4+59
0,149,7+66
0,130,6+84
1,156,5+87
1,186,4+59
1,125,4+93
1,132,10+72
0,105,8+94
1,119,8+87
0,173,3+55
0,195,4+82
1,105,2+56
0,199,2+58
1,135,10+51
0,111,2+90
1,185,5+87
1,163,7+63
1,189,4+85
0,184,2+55
1,129,4+86
1,147,5+97
0,141,5+94
0,107,5+76
1,197,1+98
0,110,10+97
1,143,1+97
0,100,3+95
0,178,7+79
1,114,10+67
0,109,4+84
1,173,4+94
0,170,4+84
0,150,2+64
1,163,2+71
1,130,1+84
1,122,9+52
0,114,1+74
1,186,10+64
1,105,4+51
0,136,10+59
1,105,5+88
1,146,7+61
1,117,1+87
0,144,7+75
0,153,1+63
0,126,2+56
0,174,4+80
1,145,5+80
1,187,8+75
0,175,2+68
1,192,9+83
1,151,10+62
0,107,2+94
1,179,6+83
1,129,4+56
0,192,3+69
0,165,2+72
0,130,4+85
1,115,7+91
1,161,3+69
1,149,5+61
1,115,10+67
1,121,6+56
0,153,6+53
0,194,9+95
1,194,4+64
0,164,2+59
0,139,1+76
1,141,1+76
0,151,7+56
1,190,6+71
0,155,10+71
1,111,8+84
1,163,4+56
1,166,6+73
0,150,8+82
0,131,3+53
0,196,3+53
0,106,9+53
0,186,10+80
0,199,3+58
0,114,8+86
0,190,9+68
0,142,6+80
0,169,2+97
1,136,5+97
0,121,10+79
1,117,4+50
1,140,2+76
1,153,1+79
0,145,5+67
0,152,2+88
1,165,1+75
1,119,7+67
0,165,10+65
0,103,6+91
0,189,1+67
0,148,10+62
1,136,10+60
1,186,2+63
0,140,10+70
0,144,10+80
0,190,6+91
0,149,6+94
0,164,10+65
1,178,4+64
0,154,8+81
0,198,5+81
0,178,2+65
0,124,8+97
1,149,9+68
0,164,4+72
0,145,4+80
0,121,3+51
0,157,4+84
0,138,5+60
1,200,6+85
1,106,9+66
1,166,2+66
0,175,6+63
1,149,9+62
0,111,3+52
0,172,5+87
0,118,4+60
1,157,9+99
0,147,5+89
0,168,8+87
1,121,9+76
0,147,3+94
0,143,9+58
1,160,5+51
0,156,7+58
0,143,6+78
1,187,5+76
0,134,6+68
1,159,7+96
1,196,5+69
0,156,7+81
0,161,10+97
0,125,1+78
1,140,5+59
1,103,9+95
1,193,8+92
0,118,8+63
1,159,9+63
1,182,5+52
1,127,5+95
1,112,3+99
0,116,5+58
1,195,6+55
0,158,9+73
0,178,4+59
0,192,6+85
0,122,2+66
0,133,10+85
1,200,8+50
1,198,7+66
1,124,5+81
1,121,1+87
1,118,8+76
0,151,2+72
0,193,2+72
1,108,4+57
1,149,4+98
0,123,7+83
1,146,5+95
0,134,9+75
1,153,8+56
1,161,8+61
1,154,5+53
0,102,1+85
1,196,2+96
1,143,7+56
0,175,6+61
1,164,5+96
0,160,4+96
0,195,2+71
0,133,1+56
0,142,10+65
1,188,8+57
1,161,10+92
1,125,9+91
1,138,3+54
0,160,5+87
1,138,4+75
0,109,9+89
1,183,6+60
1,163,3+55
1,101,8+89
0,166,3+71
1,150,5+93
1,174,6+72
0,130,2+55
0,145,7+78
1,108,5+73
0,114,3+68
0,171,3+53
1,195,1+97
1,173,4+63
0,198,6+52
0,134,3+93
0,144,8+79
1,146,2+50
1,103,7+63
0,151,7+68
1,141,4+93
1,166,2+51
0,136,4+56
0,171,8+54
0,188,9+56
0,139,8+57
0,113,5+58
0,185,5+87
1,151,10+94
0,136,5+80
0,183,6+71
0,100,9+92
0,155,3+55
1,152,5+57
1,196,4+85
1,173,7+92
0,144,10+61
1,174,1+94
1,166,6+96
0,123,1+76
1,160,7+81
1,150,3+63
0,159,7+55
1,136,4+66
0,136,8+92
0,149,10+66
1,109,4+92
0,196,8+51
1,162,9+81
1,118,3+97
0,109,9+62
1,138,7+84
1,154,10+75
1,137,5+69
0,177,4+69
1,111,2+83
0,158,2+88
0,141,6+72
0,191,4+79
1,121,2+85
1,160,7+71
0,172,6+77
0,166,4+95
0,136,9+74
1,147,7+83
1,199,2+71
0,194,1+65
0,158,1+62
0,171,5+76
1,173,3+96
1,123,1+69
1,142,7+65
0,166,10+61
0,138,7+77
1,104,6+66
1,192,1+55
0,167,1+53
0,198,5+79
0,153,3+71
0,164,5+69
1,176,10+98
0,149,1+81
1,119,10+72
0,178,6+65
0,195,7+66
0,178,7+52
1,157,1+84
1,191,4+82
0,182,9+60
0,130,4+55
0,189,6+72
1,178,8+74
0,172,1+78
1,101,3+90
0,171,7+63
0,188,8+53
0,176,3+52
0,145,4+61
1,179,5+69
0,134,4+68
0,171,10+62
1,160,5+73
0,144,6+90
0,112,8+57
0,106,9+95
1,172,1+61
0,186,4+74
1,105,1+63
1,113,10+64
1,194,1+63
1,157,9+76
1,189,10+75
1,127,9+59
0,183,7+69
1,180,3+58
1,118,7+75
0,105,10+84
0,137,7+55
0,105,5+65
1,134,7+96
0,172,9+99
0,161,9+92
0,133,3+50
1,138,4+81
1,128,6+83
0,160,1+85
1,195,9+73
1,166,6+73
0,177,1+58
1,165,7+66
0,185,8+78
1,115,8+75
0,129,9+94
1,147,4+70
0,175,6+56
1,147,7+87
1,128,2+60
1,131,2+86
0,122,10+63
1,195,2+73
0,121,4+89
1,132,2+63
0,161,8+92
1,158,8+65
0,121,6+54
1,135,9+62
0,148,1+85
1,137,3+74
1,173,5+72
1,116,10+84
1,189,8+73
0,160,6+83
1,179,6+61
1,137,3+78
1,160,8+50
0,133,1+75
1,184,10+98
0,110,8+59
0,112,9+53
0,188,2+50
0,141,4+76
1,174,5+61
1,138,8+56
1,195,6+86
1,155,9+71
0,112,1+73
0,160,1+80
1,178,10+65
0,130,2+81
1,129,3+78
1,170,5+88
1,161,8+91
0,119,5+96
1,126,8+54
0,156,5+97
0,114,2+82
1,126,2+99
1,126,6+89
1,130,1+54
0,110,6+93
0,181,3+73
1,180,8+65
1,163,4+100
1,147,10+74
0,149,4+50
1,127,4+96
0,158,3+65
0,182,5+84
0,194,6+94
1,156,6+51
1,196,9+75
1,164,4+65
1,127,7+60
0,146,7+56
0,113,8+84
0,175,4+75
1,156,6+74
0,143,7+71
1,110,3+69
1,154,10+66
0,162,2+67
1,119,10+68
0,159,5+59
0,114,4+98
1,112,8+78
1,124,1+91
0,184,7+70
1,171,4+100
1,130,5+90
1,172,5+68
1,175,10+82
0,167,9+79
0,200,2+97
1,200,10+73
1,161,5+62
1,176,1+63
0,106,4+68
0,192,6+89
1,144,5+93
0,120,10+82
0,133,4+81
1,122,7+90
0,150,3+69
0,125,9+62
1,187,4+78
1,128,10+81
0,192,4+53
0,169,8+82
0,168,3+97
1,195,3+54
1,130,4+82
0,119,3+81
1,149,7+92
0,184,6+99
1,182,9+70
0,186,9+80
1,157,10+72
0,106,5+99
0,138,3+56
1,200,8+61
0,162,5+93
0,192,4+71
0,159,4+90
0,126,9+100
0,165,1+54
0,121,6+88
0,132,5+92
1,150,8+60
1,186,5+62
0,196,2+52
0,172,4+96
0,164,7+78
1,196,4+99
1,105,7+57
0,150,7+93
0,172,6+78
0,107,10+72
1,124,5+88
0,195,10+50
1,184,8+82
0,139,9+74
1,107,9+65
1,149,5+59
1,136,2+72
0,155,4+96
1,153,6+50
0,129,9+67
0,133,9+50
1,198,10+56
1,121,9+74
0,167,5+50
1,137,5+95
1,105,4+58
0,175,4+76
1,195,1+71
1,129,9+66
1,145,1+69
1,139,2+100
1,106,9+70
1,186,3+83
1,138,1+52
1,126,10+97
0,179,7+57
1,131,4+86
1,160,6+86
0,124,8+63
0,134,9+63
1,191,4+78
0,191,6+82
0,107,6+82
0,199,8+76
0,150,4+84
0,165,6+66
0,124,3+95
1,122,5+53
0,130,10+73
0,105,10+71
0,181,5+79
1,193,5+84
1,199,3+55
0,120,3+50
0,145,9+89
1,106,5+74
1,169,3+61
1,138,4+57
0,153,5+100
0,176,2+76
1,184,10+92
1,103,5+73
0,156,3+74
1,154,6+88
0,160,2+84
1,141,7+85
0,174,4+85
0,174,6+78
1,122,9+85
1,126,4+85
1,163,2+67
0,140,4+67
0,138,9+68
0,105,1+55
0,141,4+80
0,169,5+88
1,149,3+66
0,167,10+57
1,111,2+54
1,170,7+99
0,185,6+92
0,102,1+50
0,180,6+53
0,188,4+87
0,175,6+58
1,139,3+80
0,161,9+81
0,187,5+95
0,174,7+68
0,181,3+82
0,148,10+98
0,100,6+50
1,136,8+76
1,176,1+79
0,121,6+52
1,116,1+78
0,113,6+88
0,172,3+53
1,198,2+84
0,113,5+68
1,125,5+52
0,114,8+97
1,171,5+93
0,142,9+65
0,187,6+75
1,165,7+85
1,132,7+69
1,104,4+66
0,181,4+79
0,115,9+66
0,175,5+96
0,154,4+77
0,117,9+65
0,117,10+79
0,172,5+55
0,172,9+98
0,180,6+80
0,133,10+84
1,176,1+73
0,109,10+58
0,164,8+94
1,142,4+73
1,198,10+97
1,187,10+50
0,199,2+51
0,147,3+82
0,196,8+77
0,120,1+94
0,181,9+53
1,162,7+77
1,171,1+58
0,197,5+77
0,118,6+67
0,131,6+53
1,184,6+54
0,146,8+51
0,115,10+83
1,187,6+94
0,129,1+100
0,187,4+74
0,110,7+74
0,166,10+60
0,135,8+91
1,136,9+53
1,104,5+95
0,169,7+90
1,172,8+76
1,101,4+90
0,169,6+75
1,176,2+84
0,106,2+64
1,200,1+73
0,135,1+71
1,125,9+76
1,152,10+82
1,146,8+96
1,198,5+74
1,159,4+67
1,106,10+81
1,195,4+77
0,108,10+61
1,148,8+54
0,199,3+73
0,117,2+71
1,199,1+96
1,148,9+80
0,169,7+53
1,137,1+99
0,115,10+60
0,140,8+80
1,121,9+68
1,168,3+77
0,116,2+87
0,119,9+80
0,115,7+79
1,189,6+71
0,150,4+76
0,139,1+56
1,126,2+81
1,117,6+56
1,128,3+75
0,196,9+50
1,113,5+77
1,171,9+84
1,188,2+57
1,122,7+57
0,134,8+71
0,169,6+97
1,118,8+96
0,188,6+91
1,136,1+59
1,116,9+69
1,109,9+73
1,145,9+73
1,163,3+51
1,167,3+57
1,140,9+68
1,182,6+89
1,146,1+50
1,149,9+66
1,165,7+86
0,153,3+86
1,129,1+96
0,170,4+55
1,199,10+70
1,190,9+53
0,134,5+98
0,195,9+61
1,166,10+92
1,175,3+85
1,196,1+59
1,140,1+55
1,141,6+69
1,198,7+95
0,189,5+93
0,186,10+96
0,180,3+92
1,183,2+58
0,166,10+75
0,131,6+73
0,182,7+91
0,136,6+57
1,182,6+87
1,164,4+99
0,152,8+51
0,130,2+63
0,132,8+50
0,175,6+59
1,153,1+74
1,131,2+67
1,123,2+51
0,108,4+99
0,145,8+58
1,195,7+70
1,151,6+80
1,149,9+76
1,191,2+67
0,190,1+65
0,136,1+56
0,136,7+96
1,138,2+79
0,187,5+54
1,155,5+50
1,180,3+84
0,182,8+97
1,109,2+69
0,190,6+82
1,128,7+76
1,125,6+77
1,183,7+96
1,155,10+83
1,111,10+73
0,197,5+68
1,180,8+79
1,146,5+57
1,178,2+80
0,178,10+52
0,185,5+92
1,163,10+74
1,116,2+69
0,127,8+63
0,151,8+85
0,121,10+80
0,154,6+97
1,138,1+81
1,134,1+84
0,178,6+98
0,182,7+63
1,164,8+70
1,148,7+95
1,152,9+96
0,107,10+63
0,116,8+84
1,164,9+87
1,129,5+67
1,162,10+62
1,122,4+76
0,194,7+78
0,145,7+53
1,186,8+90
1,101,1+65
0,138,10+93
1,176,3+97
0,195,4+52
1,131,10+88
0,140,1+85
1,126,2+53
1,107,10+93
1,123,10+71
0,171,7+77
0,139,3+93
0,112,9+58
1,123,5+66
1,114,5+52
0,199,6+61
0,145,9+53
1,191,10+86
0,194,2+53
0,119,7+95
0,140,7+63
1,139,4+91
0,183,10+60
0,199,6+94
0,134,7+84
0,113,8+62
0,154,1+50
0,184,3+73
1,101,3+70
1,183,5+84
0,160,7+58
0,113,1+87
1,197,8+90
1,159,4+94
1,100,8+97
1,200,1+60
1,184,1+92
1,198,4+77
0,146,10+79
1,128,5+67
0,173,4+72
1,187,6+61
1,166,2+57
1,132,5+99
0,134,2+76
1,145,8+93
0,198,5+52
0,190,8+72
0,183,4+81
0,107,7+76
0,118,4+75
1,163,8+95
0,153,5+59
0,125,9+79
1,179,4+66
1,140,8+83
1,105,10+65
1,151,1+69
1,131,2+91
1,195,2+92
0,160,8+68
0,142,7+85
1,175,8+93
0,142,6+85
0,117,10+82
1,109,4+80
1,148,10+64
1,101,2+96
0,128,6+79
1,131,2+51
0,199,3+79
0,198,5+94
0,122,3+76
1,161,4+52
1,181,9+98
1,159,6+95
1,123,9+60
1,141,3+59
0,142,1+96
1,156,7+76
0,114,3+92
1,121,1+63
1,163,7+72
1,145,6+70
0,138,6+78
1,163,7+55
1,113,4+95
0,129,6+54
1,140,5+85
0,120,8+66
1,109,4+81
1,182,2+78
0,165,1+83
1,132,5+83
0,139,3+90
1,110,6+68
0,136,1+73
1,194,6+65
0,177,10+98
0,161,5+66
1,105,10+86
0,168,3+58
0,127,1+75
0,163,4+86
1,156,1+55
1,108,3+95
1,125,1+94
1,114,3+57
1,141,6+50
0,104,9+63
0,140,8+74
1,176,5+77
0,156,3+90
0,142,5+75
1,134,2+79
1,124,7+64
0,145,7+75
0,177,8+65
0,121,2+94
0,125,7+65
1,188,10+90
0,100,10+98
1,109,5+94
0,198,7+93
0,145,10+56
1,150,4+69
1,194,3+54
0,154,5+74
0,175,3+99
1,142,10+74
1,185,1+59
1,158,6+78
0,187,10+54
0,186,7+67
0,125,6+55
1,139,1+71
0,168,8+86
1,167,8+55
1,152,8+90
1,121,3+66
1,117,5+87
1,107,9+79
1,194,7+99
0,135,10+95
0,127,9+57
1,168,6+78
1,108,10+52
0,104,1+89
0,152,8+98
0,141,3+55
0,176,5+80
0,174,8+92
1,169,6+54
0,152,1+74
0,172,7+91
1,199,4+89
0,161,1+78
1,188,6+61
1,137,4+60
0,183,8+52
0,186,2+65
1,169,6+76
0,182,2+65
1,120,6+57
1,162,2+78
1,186,7+65
1,168,5+99
0,125,2+70
1,150,3+72
1,160,9+81
1,168,3+61
1,164,7+50
0,138,1+85
1,122,8+61
0,131,9+87
0,112,4+68
0,133,7+65
1,148,7+86
0,184,8+98
1,178,6+80
1,133,4+86
1,130,6+56
1,198,2+90
1,122,5+97
1,158,7+54
0,178,1+75
0,132,6+59
1,142,1+71
1,183,8+89
1,189,8+62
0,126,1+65
1,152,3+93
0,135,5+80
0,142,10+99
0,111,2+81
1,112,2+91
0,129,8+90
1,193,1+77
0,159,7+96
1,120,1+81
0,156,3+94
0,171,3+86
1,152,5+96
0,107,5+72
0,179,3+88
1,191,10+53
0,151,8+78
0,122,4+64
1,107,8+55
0,105,3+60
1,178,10+70
0,161,8+54
1,144,8+87
0,125,5+94
0,146,4+65
1,171,9+65
1,180,5+68
1,160,2+84
0,142,5+63
0,171,10+53
0,121,2+72
1,152,4+81
1,133,7+71
0,149,3+96
0,128,5+93
0,121,6+95
0,169,7+76
0,178,7+67
1,170,10+90
1,194,8+62
1,200,3+82
1,110,3+84
0,173,3+69
0,194,6+51
1,183,3+61
1,136,5+80
1,200,1+94
0,112,9+97
0,152,4+62
1,139,2+63
0,182,2+89
1,101,5+90
1,127,9+52
1,123,5+94
1,154,3+96
0,138,9+57
0,182,8+66
0,125,5+60
1,103,3+93
0,149,2+60
0,142,8+71
1,199,3+69
0,100,3+94
0,166,2+71
0,194,1+70
0,155,2+88
1,134,1+61
0,104,6+90
1,149,1+56
1,130,5+60
0,124,6+97
1,164,3+63
1,157,9+72
1,139,10+72
0,108,1+52
0,192,8+61
1,119,6+64
0,123,7+84
0,146,9+98
0,151,4+95
1,104,6+98
0,127,6+60
1,165,6+82
1,164,10+96
0,181,4+95
1,148,1+95
0,133,7+97
1,189,9+88
0,193,3+100
0,197,2+77
1,173,8+73
1,148,10+69
1,142,1+70
1,141,6+69
0,199,10+69
0,141,5+69
1,197,2+70
1,100,10+97
0,147,10+98
1,165,5+85
